5/23/2018,14,12,12,EDT KD0AWK-15>CQ,KD0JOU-1*,WIDE2-2,qAR,4545.38,4545.38,9412.99,9412.99,1200,1200,StrTrk,27,C,1.51,V,9,122,
5/23/2018,14,14,12,EDT KD0AWK-15>CQ,WIDE1-1,WIDE2-2,qAR,4545.69,4545.69,9413.05,9413.05,3176,3176,StrTrk,24,C,1.5,V,8,124,
5/23/2018,14,15,12,EDT KD0AWK-15>CQ,AITKIN*,WIDE1,WIDE2-2,4545.94,W0KGW-10!,9412.95,9412.95,3812,3812,3812,StrTrk,23,C,1.5,V,9,125
5/23/2018,14,16,12,EDT KD0AWK-15>CQ,KD0JOU-1*,WIDE2-2,qAR,4546.16,4546.16,9412.84,9412.84,4435,4435,StrTrk,22,C,1.49,V,8,126,
5/23/2018,14,17,11,EDT KD0AWK-15>CQ,WIDE1-1,WIDE2-2,qAR,4546.38,4546.38,9412.87,9412.87,5062,5062,StrTrk,21,C,1.49,V,8,127,
5/23/2018,14,18,12,EDT KD0AWK-15>CQ,WIDE1-1,WIDE2-2,qAR,4546.57,4546.57,9412.78,9412.78,5722,5722,StrTrk,21,C,1.48,V,9,128,
5/23/2018,14,19,10,EDT KD0AWK-15>CQ,WIDE1-1,WIDE2-2,qAR,4546.75,4546.75,9412.61,9412.61,6358,6358,StrTrk,20,C,1.48,V,8,129,
5/23/2018,14,20,11,EDT KD0AWK-15>CQ,WIDE1-1,WIDE2-2,qAR,4546.96,4546.96,9412.38,9412.38,7014,7014,StrTrk,21,C,1.48,V,9,130,
5/23/2018,14,21,11,EDT KD0AWK-15>CQ,WIDE1-1,WIDE2-2,qAR,4547.15,4547.15,9412.17,9412.17,7743,7743,StrTrk,19,C,1.48,V,9,131,
5/23/2018,14,22,11,EDT KD0AWK-15>CQ,WIDE2-2,qAR,N0QXM!,4547.29,N/,9412,WO038/010/A=,8471,StrTrk,17,C,1.48,V,8,132,,
5/23/2018,14,23,11,EDT KD0AWK-15>CQ,WIDE2-2,qAR,N0QXM!,4547.39,N/,9411.78,WO054/014/A=,9229,StrTrk,16,C,1.48,V,9,133,,
5/23/2018,14,24,11,EDT KD0AWK-15>CQ,WIDE2-2,qAR,N0QXM!,4547.47,N/,9411.5,WO070/014/A=,9925,StrTrk,15,C,1.47,V,9,134,,
5/23/2018,14,25,10,EDT KD0AWK-15>CQ,WIDE2-2,qAR,W0KGW-10!,4547.52,N/,9411.18,WO080/014/A=,10515,StrTrk,14,C,1.46,V,9,135,,
5/23/2018,14,26,11,EDT KD0AWK-15>CQ,WIDE2-2,qAR,N0QXM!,4547.55,N/,9410.83,WO088/017/A=,11260,StrTrk,13,C,1.46,V,9,136,,
5/23/2018,14,27,11,EDT KD0AWK-15>CQ,WIDE2-2,qAR,N0QXM!,4547.58,N/,9410.46,WO066/014/A=,12067,StrTrk,12,C,1.46,V,9,137,,
5/23/2018,14,28,11,EDT KD0AWK-15>CQ,WIDE2-2,qAR,N0QXM!,4547.64,N/,9410.11,WO077/017/A=,12845,StrTrk,10,C,1.46,V,8,138,,
5/23/2018,14,29,11,EDT KD0AWK-15>CQ,WIDE2-1,qAR,N0QXM!,4547.7,N/,9409.66,WO092/025/A=,13737,StrTrk,8,C,1.45,V,8,139,,
5/23/2018,14,30,11,EDT KD0AWK-15>CQ,WIDE2-1,qAR,N0QXM!,4547.76,N/,9409.08,WO082/025/A=,14502,StrTrk,7,C,1.44,V,9,140,,
5/23/2018,14,31,10,EDT KD0AWK-15>CQ,WIDE2-1,qAR,N0QXM!,4547.86,N/,9408.56,WO070/018/A=,15345,StrTrk,7,C,1.43,V,9,141,,
5/23/2018,14,32,11,EDT KD0AWK-15>CQ,WIDE2-1,qAR,N0QXM!,4547.98,N/,9408.31,WO059/010/A=,16116,StrTrk,5,C,1.43,V,9,142,,
5/23/2018,14,33,11,EDT KD0AWK-15>CQ,WIDE2-1,qAR,W0KGW-10!,4548.11,N/,9408.1,WO085/014/A=,17064,StrTrk,5,C,1.42,V,9,143,,
5/23/2018,14,34,11,EDT KD0AWK-15>CQ,WIDE2-1,qAR,W0KGW-10!,4548.17,N/,9407.87,WO080/011/A=,17910,StrTrk,3,C,1.43,V,9,144,,
5/23/2018,14,35,11,EDT KD0AWK-15>CQ,WIDE2-1,qAR,N0AGI-13!,4548.19,N/,9407.64,WO066/013/A=,18780,StrTrk,1,C,1.43,V,9,145,,
5/23/2018,14,36,10,EDT KD0AWK-15>CQ,WIDE2-1,qAR,W0KGW-10!,4548.25,N/,9407.27,WO058/016/A=,19745,StrTrk,1,C,1.42,V,9,146,,
5/23/2018,14,37,11,EDT KD0AWK-15>CQ,WIDE2-1,qAR,KC0TAF!,4548.28,N/,9406.88,WO094/019/A=,20676,StrTrk,-1,C,1.41,V,9,147,,
5/23/2018,14,38,11,EDT KD0AWK-15>CQ,WIDE2-1,qAR,W0KGW-10!,4548.3,N/,9406.45,WO073/017/A=,21641,StrTrk,-2,C,1.41,V,9,148,,
5/23/2018,14,39,11,EDT KD0AWK-15>CQ,WIDE2-1,qAR,W5CCL-13!,4548.33,N/,9406.08,WO078/015/A=,22422,StrTrk,-3,C,1.41,V,9,149,,
5/23/2018,14,40,11,EDT KD0AWK-15>CQ,WIDE2-1,qAR,KB9TYC!,4548.4,N/,9405.74,WO070/015/A=,23239,StrTrk,-3,C,1.4,V,9,150,,
5/23/2018,14,41,11,EDT KD0AWK-15>CQ,WIDE2-1,qAR,KB9TYC!,4548.47,N/,9405.45,WO067/010/A=,24013,StrTrk,-6,C,1.41,V,9,151,,
5/23/2018,14,42,12,EDT KD0AWK-15>CQ,KE0CRR-10,WIDE2*,qAR,4548.51,4548.51,9405.23,9405.23,24833,24833,StrTrk,-7,C,1.4,V,9,152,
5/23/2018,14,43,11,EDT KD0AWK-15>CQ,WIDE2-1,qAR,KB0NLY-2!,4548.47,N/,9405.07,WO112/005/A=,25631,StrTrk,-8,C,1.4,V,9,153,,
5/23/2018,14,44,11,EDT KD0AWK-15>CQ,WIDE2-1,qAR,N0AGI-13!,4548.44,N/,9404.85,WO085/012/A=,26576,StrTrk,-9,C,1.39,V,9,154,,
5/23/2018,14,45,11,EDT KD0AWK-15>CQ,WIDE2-1,qAo,K9MLS!,4548.45,N/,9404.5,WO086/019/A=,27416,StrTrk,-11,C,1.39,V,9,155,,
5/23/2018,14,46,11,EDT KD0AWK-15>CQ,WIDE2-1,qAR,W0KGW-10!,4548.5,N/,9404.13,WO078/016/A=,28236,StrTrk,-11,C,1.38,V,9,156,,
5/23/2018,14,47,11,EDT KD0AWK-15>CQ,WIDE2-1,qAR,N0QXM!,4548.57,N/,9403.79,WO077/018/A=,29076,StrTrk,-12,C,1.37,V,9,157,,
5/23/2018,14,48,10,EDT KD0AWK-15>CQ,WIDE2-1,qAR,W0NE-1!,4548.65,N/,9403.39,WO075/016/A=,29847,StrTrk,-13,C,1.37,V,9,158,,
5/23/2018,14,49,11,EDT KD0AWK-15>CQ,WIDE2-1,qAR,N0KFB-3!,4548.72,N/,9403.01,WO087/021/A=,30565,StrTrk,-17,C,1.36,V,9,159,,
5/23/2018,14,50,11,EDT KD0AWK-15>CQ,WIDE2-1,qAR,N0QXM!,4548.77,N/,9402.44,WO085/027/A=,31418,StrTrk,-18,C,1.37,V,9,160,,
5/23/2018,14,51,11,EDT KD0AWK-15>CQ,WIDE2-1,qAR,KB9TYC!,4548.77,N/,9401.79,WO088/026/A=,32150,StrTrk,-18,C,1.36,V,9,161,,
5/23/2018,14,52,11,EDT KD0AWK-15>CQ,WIDE2-1,qAR,KB9TYC!,4548.8,N/,9401.15,WO083/030/A=,32918,StrTrk,-19,C,1.36,V,9,162,,
5/23/2018,14,53,11,EDT KD0AWK-15>CQ,WIDE2-1,qAR,N0QXM!,4548.85,N/,9400.51,WO085/030/A=,33741,StrTrk,-21,C,1.35,V,9,163,,
5/23/2018,14,54,11,EDT KD0AWK-15>CQ,WIDE2-1,qAR,KB9TYC!,4548.91,N/,9359.72,WO087/035/A=,34545,StrTrk,-22,C,1.35,V,9,164,,
5/23/2018,14,55,11,EDT KD0AWK-15>CQ,WIDE2-1,qAR,KD0ZTJ!,4548.93,N/,9358.9,WO092/036/A=,35424,StrTrk,-24,C,1.34,V,9,165,,
5/23/2018,14,59,10,EDT KD0AWK-15>CQ,WIDE2-1,qAR,N0AN-1!,4548.72,N/,9355.77,WO114/027/A=,39060,StrTrk,-31,C,1.32,V,9,169,,
5/23/2018,15,0,10,EDT KD0AWK-15>CQ,WIDE2-1,qAR,N0AN-1!,4548.58,N/,9354.9,WO100/037/A=,39975,StrTrk,-34,C,1.31,V,9,170,,
5/23/2018,15,1,11,EDT KD0AWK-15>CQ,WIDE2-1,qAR,N0QXM!,4548.48,N/,9353.86,WO101/047/A=,40864,StrTrk,-35,C,1.28,V,9,171,,
5/23/2018,15,2,11,EDT KD0AWK-15>CQ,WIDE2-1,qAR,N0QXM!,4548.37,N/,9352.79,WO099/042/A=,41616,StrTrk,-38,C,1.29,V,9,172,,
5/23/2018,15,3,11,EDT KD0AWK-15>CQ,WIDE2-1,qAR,N0QXM!,4548.16,N/,9351.8,WO113/043/A=,42528,StrTrk,-38,C,1.26,V,9,173,,
5/23/2018,15,4,10,EDT KD0AWK-15>CQ,WIDE2-1,qAR,N0AN-1!,4547.79,N/,9350.78,WO119/046/A=,43404,StrTrk,-41,C,1.27,V,9,174,,
5/23/2018,15,5,11,EDT KD0AWK-15>CQ,WIDE2-1,qAR,KB9TYC!,4547.37,N/,9349.98,WO131/043/A=,44119,StrTrk,-41,C,1.27,V,9,175,,
5/23/2018,15,6,11,EDT KD0AWK-15>CQ,WIDE2-1,qAR,KB9TYC!,4546.9,N/,9349.26,WO134/034/A=,44923,StrTrk,-40,C,1.26,V,9,176,,
5/23/2018,15,7,11,EDT KD0AWK-15>CQ,WIDE2-1,qAR,N0AN-1!,4546.49,N/,9348.62,WO133/036/A=,45661,StrTrk,-42,C,1.26,V,9,177,,
5/23/2018,15,8,11,EDT KD0AWK-15>CQ,WIDE2-1,qAR,N0AN-1!,4546.14,N/,9347.96,WO119/034/A=,46281,StrTrk,-43,C,1.27,V,9,178,,
5/23/2018,15,9,10,EDT KD0AWK-15>CQ,WIDE2-1,qAR,N0AN-1!,4545.85,N/,9347.5,WO127/024/A=,46974,StrTrk,-42,C,1.27,V,9,179,,
5/23/2018,15,10,10,EDT KD0AWK-15>CQ,WIDE2-1,qAR,N0AN-1!,4545.74,N/,9347.13,WO087/014/A=,47846,StrTrk,-41,C,1.26,V,9,180,,
5/23/2018,15,11,11,EDT KD0AWK-15>CQ,WIDE2-1,qAR,N0AN-1!,4545.79,N/,9346.73,WO083/017/A=,48591,StrTrk,-38,C,1.26,V,9,181,,
5/23/2018,15,12,11,EDT KD0AWK-15>CQ,WIDE2-1,qAR,N0AN-1!,4545.83,N/,9346.28,WO079/021/A=,49395,StrTrk,-38,C,1.26,V,9,182,,
5/23/2018,15,13,11,EDT KD0AWK-15>CQ,WIDE2-1,qAR,N0AN-1!,4545.8,N/,9345.91,WO094/017/A=,50261,StrTrk,-39,C,1.28,V,9,183,,
5/23/2018,15,14,10,EDT KD0AWK-15>CQ,WIDE2-1,qAR,N0QXM!,4545.72,N/,9345.47,WO111/023/A=,51003,StrTrk,-37,C,1.26,V,9,184,,
5/23/2018,15,15,10,EDT KD0AWK-15>CQ,WIDE2-1,qAR,N0AN-1!,4545.53,N/,9345.13,WO133/019/A=,51744,StrTrk,-39,C,1.28,V,9,185,,
5/23/2018,15,16,11,EDT KD0AWK-15>CQ,WIDE2-1,qAR,KB9TYC!,4545.31,N/,9344.77,WO131/024/A=,52522,StrTrk,-36,C,1.27,V,9,186,,
5/23/2018,15,17,11,EDT KD0AWK-15>CQ,WIDE2-1,qAR,N0AN-1!,4545.07,N/,9344.48,WO148/017/A=,53221,StrTrk,-38,C,1.28,V,9,187,,
5/23/2018,15,18,11,EDT KD0AWK-15>CQ,WIDE2-1,qAR,N0AN-1!,4544.94,N/,9344.15,WO110/017/A=,53919,StrTrk,-38,C,1.29,V,9,188,,
5/23/2018,15,19,10,EDT KD0AWK-15>CQ,WIDE2-1,qAR,N0AN-1!,4544.81,N/,9343.9,WO117/011/A=,54582,StrTrk,-37,C,1.28,V,9,189,,
5/23/2018,15,20,11,EDT KD0AWK-15>CQ,WIDE2-1,qAR,KB9TYC!,4544.73,N/,9343.54,WO106/019/A=,55366,StrTrk,-37,C,1.29,V,9,190,,
5/23/2018,15,21,11,EDT KD0AWK-15>CQ,WIDE2-1,qAR,N0AN-1!,4544.7,N/,9343.09,WO100/018/A=,56210,StrTrk,-37,C,1.29,V,9,191,,
5/23/2018,15,22,11,EDT KD0AWK-15>CQ,WIDE2-1,qAR,N0AN-1!,4544.66,N/,9342.69,WO089/018/A=,56977,StrTrk,-35,C,1.27,V,9,192,,
5/23/2018,15,23,11,EDT KD0AWK-15>CQ,WIDE2-1,qAR,KB9TYC!,4544.64,N/,9342.25,WO115/018/A=,57719,StrTrk,-36,C,1.3,V,9,193,,
5/23/2018,15,24,10,EDT KD0AWK-15>CQ,WIDE2-1,qAR,N0AN-1!,4544.43,N/,9341.89,WO147/020/A=,58401,StrTrk,-34,C,1.28,V,9,194,,
5/23/2018,15,25,11,EDT KD0AWK-15>CQ,WIDE2-1,qAR,N0AN-1!,4544.25,N/,9341.63,WO129/015/A=,59153,StrTrk,-35,C,1.3,V,9,195,,
5/23/2018,15,25,41,EDT KD0AWK-15>CQ,KB0JBF-3,WIDE2*,qAR,N0AN-1!,4544.25,N/,9341.63,59153,59153,StrTrk,-35,C,1f<0x8d>Y<0xc6><0x16><0x96>V<0x06><0x06>,,,,
5/23/2018,15,26,11,EDT KD0AWK-15>CQ,WIDE2-1,qAR,N0AN-1!,4544.04,N/,9341.44,WO176/016/A=,59940,StrTrk,-35,C,1.31,V,9,196,,
5/23/2018,15,27,11,EDT KD0AWK-15>CQ,WIDE2-1,qAR,N0AN-1!,4543.87,N/,9341.24,WO138/011/A=,60728,StrTrk,-35,C,1.31,V,9,197,,
5/23/2018,15,28,11,EDT KD0AWK-15>CQ,WIDE2-1,qAR,N0QXM!,4543.75,N/,9341.05,WO146/009/A=,61502,StrTrk,-35,C,1.3,V,9,198,,
5/23/2018,15,29,10,EDT KD0AWK-15>CQ,WIDE2-1,qAR,N0QXM!,4543.65,N/,9340.85,WO123/012/A=,62293,StrTrk,-34,C,1.31,V,9,199,,
5/23/2018,15,30,11,EDT KD0AWK-15>CQ,WIDE2-1,qAR,N0AN-1!,4543.51,N/,9340.59,WO139/014/A=,63123,StrTrk,-33,C,1.3,V,9,200,,
5/23/2018,15,31,11,EDT KD0AWK-15>CQ,WIDE2-1,qAR,N0TOR-10!,4543.42,N/,9340.37,WO135/017/A=,63943,StrTrk,-33,C,1.31,V,9,201,,
5/23/2018,15,32,11,EDT KD0AWK-15>CQ,WIDE2-1,qAR,N0AN-1!,4543.31,N/,9340.18,WO130/010/A=,64684,StrTrk,-32,C,1.31,V,9,202,,
5/23/2018,15,33,10,EDT KD0AWK-15>CQ,WIDE2-1,qAR,N0QXM!,4543.21,N/,9340.09,WO196/011/A=,65469,StrTrk,-31,C,1.31,V,9,203,,
5/23/2018,15,34,10,EDT KD0AWK-15>CQ,WIDE2-1,qAR,KB9TYC!,4543.07,N/,9340.23,WO237/010/A=,66286,StrTrk,-32,C,1.33,V,9,204,,
5/23/2018,15,35,11,EDT KD0AWK-15>CQ,WIDE2-1,qAR,N0AN-1!,4543.14,N/,9340.27,WO030/010/A=,67129,StrTrk,-31,C,1.33,V,9,205,,
5/23/2018,15,36,11,EDT KD0AWK-15>CQ,WIDE2-1,qAR,N0AN-1!,4543.22,N/,9340.11,WO089/009/A=,67877,StrTrk,-31,C,1.33,V,9,206,,
5/23/2018,15,37,11,EDT KD0AWK-15>CQ,WIDE2-1,qAR,N0AN-1!,4543.15,N/,9339.83,WO106/010/A=,68559,StrTrk,-27,C,1.32,V,9,207,,
5/23/2018,15,38,10,EDT KD0AWK-15>CQ,WIDE2-1,qAR,N0XJA-4!,4543,N/,9339.67,WO173/013/A=,69350,StrTrk,-29,C,1.32,V,9,208,,
5/23/2018,15,39,10,EDT KD0AWK-15>CQ,WIDE2-1,qAR,N0AN-1!,4542.9,N/,9339.64,WO169/008/A=,70233,StrTrk,-29,C,1.32,V,9,209,,
5/23/2018,15,40,11,EDT KD0AWK-15>CQ,WIDE2-1,qAR,KB9TYC!,4542.72,N/,9339.66,WO162/005/A=,71135,StrTrk,-27,C,1.34,V,9,210,,
5/23/2018,15,41,11,EDT KD0AWK-15>CQ,WIDE2-1,qAR,N0QXM!,4542.63,N/,9339.62,WO162/008/A=,71929,StrTrk,-26,C,1.34,V,9,211,,
5/23/2018,15,42,11,EDT KD0AWK-15>CQ,WIDE2-1,qAR,N0AN-1!,4542.46,N/,9339.63,WO242/009/A=,72651,StrTrk,-24,C,1.33,V,9,212,,
5/23/2018,15,43,11,EDT KD0AWK-15>CQ,WIDE2-1,qAR,KB9TYC!,4542.41,N/,9339.72,WO102/001/A=,73445,StrTrk,-25,C,1.34,V,9,213,,
5/23/2018,15,44,10,EDT KD0AWK-15>CQ,WIDE2-1,qAR,N0AN-1!,4542.36,N/,9339.67,WO230/005/A=,74337,StrTrk,-24,C,1.35,V,9,214,,
5/23/2018,15,45,10,EDT KD0AWK-15>CQ,WIDE2-1,qAR,N0QXM!,4542.37,N/,9339.66,WO251/003/A=,75177,StrTrk,-24,C,1.35,V,9,215,,
5/23/2018,15,46,11,EDT KD0AWK-15>CQ,WIDE2-1,qAR,N0AN-1!,4542.31,N/,9339.78,WO251/013/A=,76053,StrTrk,-24,C,1.34,V,9,216,,
5/23/2018,15,47,11,EDT KD0AWK-15>CQ,WIDE2-1,qAR,N0QXM!,4542.34,N/,9339.94,WO005/002/A=,76923,StrTrk,-22,C,1.35,V,9,217,,
5/23/2018,15,48,11,EDT KD0AWK-15>CQ,WIDE2-1,qAR,N0QXM!,4542.26,N/,9339.98,WO209/010/A=,77799,StrTrk,-21,C,1.34,V,9,218,,
5/23/2018,15,49,10,EDT KD0AWK-15>CQ,WIDE2-1,qAR,N0AN-1!,4542.14,N/,9340.24,WO249/011/A=,78671,StrTrk,-22,C,1.36,V,9,219,,
5/23/2018,15,50,10,EDT KD0AWK-15>CQ,WIDE2-1,qAR,N0QXM!,4542.17,N/,9340.39,WO317/004/A=,79455,StrTrk,-21,C,1.36,V,9,220,,
5/23/2018,15,51,11,EDT KD0AWK-15>CQ,WIDE2-1,qAR,KB9TYC!,4542.06,N/,9340.5,WO222/018/A=,80200,StrTrk,-18,C,1.34,V,9,221,,
5/23/2018,15,52,11,EDT KD0AWK-15>CQ,WIDE2-1,qAR,N0AN-1!,4541.86,N/,9340.82,WO258/016/A=,81024,StrTrk,-17,C,1.36,V,9,222,,
5/23/2018,15,53,11,EDT KD0AWK-15>CQ,WIDE2-1,qAR,N0AN-1!,4541.88,N/,9341.19,WO277/015/A=,81965,StrTrk,-18,C,1.37,V,9,223,,
5/23/2018,15,54,10,EDT KD0AWK-15>CQ,WIDE2-1,qAR,N0AN-1!,4541.96,N/,9341.47,WO278/007/A=,82930,StrTrk,-18,C,1.38,V,9,224,,
5/23/2018,15,55,10,EDT KD0AWK-15>CQ,WIDE2-1,qAR,N0QXM!,4542,N/,9341.66,WO281/014/A=,83750,StrTrk,-17,C,1.37,V,9,225,,
5/23/2018,15,56,11,EDT KD0AWK-15>CQ,WIDE2-1,qAR,N0AN-1!,4542.07,N/,9341.86,WO277/010/A=,84485,StrTrk,-16,C,1.38,V,9,226,,
5/23/2018,15,57,11,EDT KD0AWK-15>CQ,WIDE2-1,qAR,N0AN-1!,4542.05,N/,9342.08,WO208/007/A=,85273,StrTrk,-15,C,1.38,V,9,227,,
5/23/2018,15,58,11,EDT KD0AWK-15>CQ,WIDE2-1,qAR,N0QXM!,4542.06,N/,9342.35,WO319/010/A=,86287,StrTrk,-14,C,1.38,V,9,228,,
5/23/2018,15,59,10,EDT KD0AWK-15>CQ,WIDE2-1,qAR,N0AN-1!,4542.19,N/,9342.55,WO314/012/A=,86739,StrTrk,-14,C,1.39,V,9,229,,
5/23/2018,16,0,10,EDT KD0AWK-15>CQ,WIDE2-1,qAR,N0QVC-1!,4542.28,N/,9342.71,WO302/009/A=,86457,StrTrk,-13,C,1.39,V,9,230,,
5/23/2018,16,1,11,EDT KD0AWK-15>CQ,WIDE2-1,qAR,KB9TYC!,4542.35,N/,9342.94,WO294/012/A=,86204,StrTrk,-11,C,1.39,V,9,231,,
5/23/2018,16,2,11,EDT KD0AWK-15>CQ,WIDE2-1,qAR,N0QXM!,4542.42,N/,9343.21,WO291/013/A=,86060,StrTrk,-10,C,1.39,V,9,232,,
5/23/2018,16,3,11,EDT KD0AWK-15>CQ,WIDE2-1,qAR,N0QXM!,4542.5,N/,9343.5,WO292/013/A=,86139,StrTrk,-8,C,1.4,V,9,233,,
5/23/2018,16,4,10,EDT KD0AWK-15>CQ,WIDE2-1,qAR,N0AN-1!,4542.59,N/,9343.79,WO297/013/A=,86332,StrTrk,-6,C,1.4,V,9,234,,
5/23/2018,16,5,11,EDT KD0AWK-15>CQ,WIDE2-1,qAR,N0AN-1!,4542.69,N/,9344.04,WO300/012/A=,86513,StrTrk,-4,C,1.4,V,9,235,,
5/23/2018,16,6,11,EDT KD0AWK-15>CQ,WIDE2-1,qAR,N0AN-1!,4542.77,N/,9344.29,WO350/008/A=,84275,StrTrk,-6,C,1.41,V,9,236,,
5/23/2018,16,7,11,EDT KD0AWK-15>CQ,WIDE2-1,qAR,N0AN-1!,4542.78,N/,9344.43,WO214/004/A=,73451,StrTrk,-16,C,1.4,V,9,237,,
5/23/2018,16,8,10,EDT KD0AWK-15>CQ,WIDE2-1,qAR,N0AN-1!,4542.68,N/,9344.37,WO149/008/A=,64386,StrTrk,-25,C,1.38,V,9,238,,
5/23/2018,16,9,10,EDT KD0AWK-15>CQ,WIDE2-1,qAR,N0QXM!,4542.57,N/,9344.11,WO113/016/A=,56954,StrTrk,-33,C,1.37,V,9,239,,
5/23/2018,16,10,11,EDT KD0AWK-15>CQ,WIDE2-1,qAR,N0AN-1!,4542.42,N/,9343.71,WO112/029/A=,50688,StrTrk,-38,C,1.33,V,9,240,,
5/23/2018,16,11,11,EDT KD0AWK-15>CQ,WIDE2-1,qAR,N0QXM!,4542.33,N/,9343.22,WO134/031/A=,45130,StrTrk,-45,C,1.31,V,9,241,,
5/23/2018,16,12,11,EDT KD0AWK-15>CQ,WIDE2-1,qAR,N0QXM!,4541.96,N/,9342.37,WO116/046/A=,40339,StrTrk,-49,C,1.28,V,7,242,,
5/23/2018,16,13,10,EDT KD0AWK-15>CQ,WIDE2-1,qAR,N0QXM!,4541.81,N/,9341.96,WO245/050/A=,36195,StrTrk,-46,C,1.25,V,7,243,,
5/23/2018,16,14,10,EDT KD0AWK-15>CQ,WIDE2-1,qAR,N0QXM!,4541.8,N/,9341,WO098/019/A=,31776,StrTrk,-40,C,1.26,V,6,244,,
5/23/2018,16,15,11,EDT KD0AWK-15>CQ,WIDE2-1,qAR,N0QXM!,4541.79,N/,9340.48,WO111/019/A=,27888,StrTrk,-32,C,1.28,V,9,245,,
5/23/2018,16,16,11,EDT KD0AWK-15>CQ,WIDE2-1,qAR,N0QVC-1!,4541.76,N/,9340.22,WO099/007/A=,24505,StrTrk,-26,C,1.31,V,9,246,,
5/23/2018,16,17,11,EDT KD0AWK-15>CQ,WIDE2-1,qAR,N0QVC-1!,4541.76,N/,9339.97,WO074/016/A=,21162,StrTrk,-19,C,1.33,V,9,247,,
5/23/2018,16,18,11,EDT KD0AWK-15>CQ,WIDE2-1,qAR,N0QXM!,4541.83,N/,9339.65,WO053/021/A=,17855,StrTrk,-13,C,1.36,V,9,248,,
5/23/2018,16,19,10,EDT KD0AWK-15>CQ,WIDE2-1,qAR,N0QXM!,4542.06,N/,9339.32,WO058/017/A=,15135,StrTrk,-6,C,1.38,V,9,249,,
5/23/2018,16,20,10,EDT KD0AWK-15>CQ,WIDE2-2,qAR,N0QXM!,4542.13,N/,9338.91,WO094/011/A=,12313,StrTrk,-4,C,1.4,V,9,250,,
5/23/2018,16,21,11,EDT KD0AWK-15>CQ,WIDE2-2,qAR,N0QVC-1!,4542.2,N/,9338.56,WO062/015/A=,9675,StrTrk,2,C,1.4,V,9,251,,
5/23/2018,16,22,11,EDT KD0AWK-15>CQ,WIDE1-1,WIDE2-2,qAR,N0QXM!,4542.31,N/,9338.13,7254,7254,StrTrk,6,C,1.43,V,8,252,
5/23/2018,16,23,11,EDT KD0AWK-15>CQ,WIDE1-1,WIDE2-2,qAR,WB0VGI-1!,4542.56,N/,9337.71,5131,5131,StrTrk,12,C,1.43,V,8,253,
5/23/2018,16,24,11,EDT KD0AWK-15>CQ,WIDE1-1,WIDE2-2,qAR,W0YC-5!,4542.6,N/,9337.55,2805,2805,StrTrk,15,C,1.44,V,9,254,
5/23/2018,18,33,10,EDT KD0AWK-15>CQ,WIDE1-1,WIDE2-2,qAR,W0YC-5!,4458.54,N/,9313.89,872,872,StrTrk,32,C,1.51,V,9,383,
5/23/2018,18,38,11,EDT KD0AWK-15>CQ,WIDE1-1,WIDE2-2,qAR,W0YC-5!,4458.54,N/,9313.92,816,816,StrTrk,32,C,1.51,V,9,388,
5/23/2018,18,39,10,EDT KD0AWK-15>CQ,WIDE1-1,WIDE2-2,qAR,W0YC-5!,4458.53,N/,9313.94,780,780,StrTrk,31,C,1.51,V,9,389,
5/23/2018,18,40,10,EDT KD0AWK-15>CQ,WIDE1-1,WIDE2-2,qAR,W0YC-5!,4458.53,N/,9313.93,931,931,StrTrk,31,C,1.51,V,9,390,
5/23/2018,18,41,11,EDT KD0AWK-15>CQ,WIDE1-1,WIDE2-2,qAR,W0YC-5!,4458.51,N/,9313.92,1007,1007,StrTrk,31,C,1.51,V,9,391,
5/23/2018,18,42,11,EDT KD0AWK-15>CQ,WIDE1-1,WIDE2-2,qAR,W0YC-5!,4458.52,N/,9313.92,915,915,StrTrk,30,C,1.51,V,9,392,
5/23/2018,18,43,11,EDT KD0AWK-15>CQ,WIDE1-1,WIDE2-2,qAR,W0YC-5!,4458.54,N/,9313.94,823,823,StrTrk,30,C,1.51,V,9,393,
5/23/2018,18,44,10,EDT KD0AWK-15>CQ,WIDE1-1,WIDE2-2,qAR,W0YC-5!,4458.52,N/,9313.92,1053,1053,StrTrk,30,C,1.51,V,9,394,
5/23/2018,18,46,11,EDT KD0AWK-15>CQ,WIDE1-1,WIDE2-2,qAR,W0YC-5!,4458.55,N/,9313.95,889,889,StrTrk,30,C,1.51,V,9,396,
5/23/2018,18,47,11,EDT KD0AWK-15>CQ,WIDE1-1,WIDE2-2,qAR,W0YC-5!,4458.54,N/,9313.93,928,928,StrTrk,31,C,1.5,V,9,397,
5/23/2018,18,48,11,EDT KD0AWK-15>CQ,WIDE1-1,WIDE2-2,qAR,W0YC-5!,4458.6,N/,9313.94,331,331,StrTrk,29,C,1.5,V,9,398,
5/23/2018,18,49,10,EDT KD0AWK-15>CQ,WIDE1-1,WIDE2-2,qAR,W0YC-5!,4458.52,N/,9313.93,889,889,StrTrk,29,C,1.5,V,9,399,
5/23/2018,18,50,11,EDT KD0AWK-15>CQ,WIDE1-1,WIDE2-2,qAR,W0YC-5!,4458.5,N/,9313.92,925,925,StrTrk,28,C,1.5,V,9,400,
5/23/2018,18,53,11,EDT KD0AWK-15>CQ,WIDE1-1,WIDE2-2,qAR,W0YC-5!,4458.54,N/,9313.93,856,856,StrTrk,28,C,1.5,V,8,403,
5/23/2018,18,54,10,EDT KD0AWK-15>CQ,WIDE1-1,WIDE2-2,qAR,W0YC-5!,4458.53,N/,9313.93,925,925,StrTrk,28,C,1.5,V,9,404,
5/23/2018,18,55,11,EDT KD0AWK-15>CQ,WIDE1-1,WIDE2-2,qAR,W0YC-5!,4458.52,N/,9313.93,905,905,StrTrk,28,C,1.5,V,9,405,
5/23/2018,18,56,11,EDT KD0AWK-15>CQ,WIDE1-1,WIDE2-2,qAR,W0YC-5!,4458.52,N/,9313.92,885,885,StrTrk,30,C,1.5,V,9,406,
5/23/2018,18,57,11,EDT KD0AWK-15>CQ,WIDE1-1,WIDE2-2,qAR,W0YC-5!,4458.5,N/,9313.91,810,810,StrTrk,28,C,1.5,V,9,407,
5/23/2018,18,58,10,EDT KD0AWK-15>CQ,WIDE1-1,WIDE2-2,qAR,W0YC-5!,4458.49,N/,9313.91,925,925,StrTrk,29,C,1.49,V,9,408,
5/23/2018,18,59,10,EDT KD0AWK-15>CQ,WIDE1-1,WIDE2-2,qAR,W0YC-5!,4458.52,N/,9313.91,902,902,StrTrk,27,C,1.5,V,9,409,
5/23/2018,19,3,10,EDT KD0AWK-15>CQ,WIDE1-1,WIDE2-2,qAR,W0YC-5!,4458.51,N/,9313.93,876,876,StrTrk,28,C,1.49,V,9,413,
5/23/2018,19,4,10,EDT KD0AWK-15>CQ,WIDE1-1,WIDE2-2,qAR,W0YC-5!,4458.51,N/,9313.93,833,833,StrTrk,27,C,1.5,V,9,414,
5/23/2018,19,6,11,EDT KD0AWK-15>CQ,WIDE1-1,WIDE2-2,qAR,W0YC-5!,4458.51,N/,9313.92,826,826,StrTrk,27,C,1.49,V,8,416,
5/23/2018,19,7,11,EDT KD0AWK-15>CQ,WIDE1-1,WIDE2-2,qAR,W0YC-5!,4458.5,N/,9313.92,954,954,StrTrk,27,C,1.49,V,9,417,
5/23/2018,19,8,11,EDT KD0AWK-15>CQ,WIDE1-1,WIDE2-2,qAR,W0YC-5!,4458.49,N/,9313.91,990,990,StrTrk,27,C,1.49,V,8,418,
5/23/2018,19,9,10,EDT KD0AWK-15>CQ,WIDE1-1,WIDE2-2,qAR,W0YC-5!,4458.5,N/,9313.91,1030,1030,StrTrk,27,C,1.49,V,9,419,
5/23/2018,19,12,11,EDT KD0AWK-15>CQ,WIDE1-1,WIDE2-2,qAR,W0YC-5!,4458.5,N/,9313.92,1020,1020,StrTrk,27,C,1.49,V,9,422,
5/23/2018,19,20,11,EDT KD0AWK-15>CQ,WIDE1-1,WIDE2-2,qAR,W0YC-5!,4458.53,N/,9313.93,882,882,StrTrk,26,C,1.48,V,9,430,
5/23/2018,19,22,11,EDT KD0AWK-15>CQ,WIDE1-1,WIDE2-2,qAR,W0YC-5!,4458.53,N/,9313.92,928,928,StrTrk,26,C,1.49,V,9,432,
5/23/2018,19,24,10,EDT KD0AWK-15>CQ,WIDE1-1,WIDE2-2,qAR,W0YC-5!,4458.53,N/,9313.92,990,990,StrTrk,27,C,1.49,V,9,434,
5/23/2018,19,25,11,EDT KD0AWK-15>CQ,WIDE1-1,WIDE2-2,qAR,W0YC-5!,4458.53,N/,9313.93,925,925,StrTrk,26,C,1.48,V,9,435,
5/23/2018,19,27,11,EDT KD0AWK-15>CQ,WIDE1-1,WIDE2-2,qAR,W0YC-5!,4458.53,N/,9313.91,1040,1040,StrTrk,27,C,1.48,V,9,437,
5/23/2018,19,28,11,EDT KD0AWK-15>CQ,WIDE1-1,WIDE2-2,qAR,W0YC-5!,4458.52,N/,9313.91,1066,1066,StrTrk,26,C,1.48,V,9,438,
5/23/2018,19,32,11,EDT KD0AWK-15>CQ,WIDE1-1,WIDE2-2,qAR,W0YC-5!,4458.55,N/,9313.92,961,961,StrTrk,26,C,1.49,V,9,442,
5/23/2018,19,33,11,EDT KD0AWK-15>CQ,WIDE1-1,WIDE2-2,qAR,W0YC-5!,4458.53,N/,9313.88,1112,1112,StrTrk,26,C,1.49,V,9,443,
5/23/2018,19,35,10,EDT KD0AWK-15>CQ,WIDE1-1,WIDE2-2,qAR,W0YC-5!,4458.54,N/,9313.93,879,879,StrTrk,26,C,1.49,V,9,445,
5/23/2018,19,36,11,EDT KD0AWK-15>CQ,WIDE1-1,WIDE2-2,qAR,W0YC-5!,4458.53,N/,9313.91,843,843,StrTrk,26,C,1.49,V,9,446,
5/23/2018,19,37,11,EDT KD0AWK-15>CQ,WIDE1-1,WIDE2-2,qAR,W0YC-5!,4458.54,N/,9313.93,879,879,StrTrk,26,C,1.48,V,9,447,
5/23/2018,19,38,11,EDT KD0AWK-15>CQ,WIDE1-1,WIDE2-2,qAR,W0YC-5!,4458.55,N/,9313.93,853,853,StrTrk,26,C,1.49,V,9,448,
5/23/2018,19,39,11,EDT KD0AWK-15>CQ,WIDE1-1,WIDE2-2,qAR,W0YC-5!,4458.56,N/,9313.95,794,794,StrTrk,27,C,1.48,V,9,449,
5/23/2018,19,41,11,EDT KD0AWK-15>CQ,WIDE1-1,WIDE2-2,qAR,W0YC-5!,4458.58,N/,9313.94,557,557,StrTrk,26,C,1.49,V,9,451,
5/23/2018,19,42,11,EDT KD0AWK-15>CQ,WIDE1-1,WIDE2-2,qAR,W0YC-5!,4458.58,N/,9313.95,456,456,StrTrk,26,C,1.48,V,9,452,
5/23/2018,19,44,11,EDT KD0AWK-15>CQ,WIDE1-1,WIDE2-2,qAR,W0YC-5!,4458.59,N/,9313.96,492,492,StrTrk,27,C,1.48,V,9,454,
5/23/2018,19,45,10,EDT KD0AWK-15>CQ,WIDE1-1,WIDE2-2,qAR,W0YC-5!,4458.53,N/,9313.93,702,702,StrTrk,25,C,1.48,V,9,455,
5/23/2018,19,46,11,EDT KD0AWK-15>CQ,WIDE1-1,WIDE2-2,qAR,W0YC-5!,4458.54,N/,9313.94,695,695,StrTrk,26,C,1.49,V,9,456,
5/23/2018,19,47,11,EDT KD0AWK-15>CQ,WIDE1-1,WIDE2-2,qAR,W0YC-5!,4458.54,N/,9313.94,751,751,StrTrk,26,C,1.49,V,9,457,
5/23/2018,19,48,11,EDT KD0AWK-15>CQ,WIDE1-1,WIDE2-2,qAR,W0YC-5!,4458.54,N/,9313.93,728,728,StrTrk,27,C,1.48,V,9,458,
5/23/2018,19,49,11,EDT KD0AWK-15>CQ,WIDE1-1,WIDE2-2,qAR,W0YC-5!,4458.53,N/,9313.92,839,839,StrTrk,28,C,1.47,V,9,459,
5/23/2018,19,50,11,EDT KD0AWK-15>CQ,WIDE1-1,WIDE2-2,qAR,W0YC-5!,4458.55,N/,9313.94,843,843,StrTrk,26,C,1.49,V,9,460,
5/23/2018,19,51,10,EDT KD0AWK-15>CQ,WIDE1-1,WIDE2-2,qAR,W0YC-5!,4458.53,N/,9313.92,921,921,StrTrk,26,C,1.48,V,9,461,
5/23/2018,19,52,11,EDT KD0AWK-15>CQ,WIDE1-1,WIDE2-2,qAR,W0YC-5!,4458.53,N/,9313.91,981,981,StrTrk,26,C,1.48,V,9,462,
5/23/2018,19,53,10,EDT KD0AWK-15>CQ,WIDE1-1,WIDE2-2,qAR,W0YC-5!,4458.53,N/,9313.92,964,964,StrTrk,27,C,1.49,V,9,463,
5/23/2018,19,55,11,EDT KD0AWK-15>CQ,WIDE1-1,WIDE2-2,qAR,W0YC-5!,4458.53,N/,9313.92,951,951,StrTrk,26,C,1.48,V,9,465,
